北京3月31日电 (记者 王恩博)随着中国金融业开放程度不断加深，越来越多外资机构来华展业。记者31日从中国银保监会了解到，外国银行保险机构在华机构数量呈现稳步增长，截至2020年末总资产合计逾5万亿元(人民币，下同)。近年来，银保监会加快推进银行业保险业形成更大范围、更宽领域、更深层次的全面开放新格局。2018年以来，该部门宣布了三轮共计34条对外开放新措施，涉及取消或放宽外资持股比例限制、放宽外资机构和业务准入条件、扩大外资机构业务范围、优化外资机构监管规则和简化行政许可流程等。2020年，银保监会积极推进对外开放落实工作，批准了一批重大外资行政许可事项，包括：批准第一家外方控股的理财公司汇华理财有限公司开业；批准贝莱德金融管理公司、建信理财有限责任公司和富登管理私人有限公司合资在上海市筹建贝莱德建信理财有限责任公司；批准香港友邦保险公司在内地分支机构改建为独资人寿保险子公司等。截至2020年末，外资银行在华共设立了41家外资法人银行、116家外国银行分行和144家代表处，营业性机构总数946家，外资银行总资产3.78万亿元。境外保险机构在华共设立了66家外资保险机构、117家代表处和17家保险专业中介机构，外资保险公司总资产1.71万亿元。2018年以来，银保监会共批准新设外资法人银行2家、外资分行30家。外资保险法人机构增加了10家，外资保险省级分公司增加了74家。银保监会透露，下一步将推进新发展格局下银行业保险业高水平对外开放，进一步完善银行业保险业外商投资准入前国民待遇加负面清单管理制度，优化监管规则，改善营商环境，积极支持在华外资银行保险机构发展。增强开放监管能力，防范金融风险。(完),财经,在华外资银行保险机构数量稳步增长 总资产逾5万亿元
北京3月31日电 (记者 王恩博)记者3月31日从中国银保监会获悉，官方将坚决惩治重大金融风险背后的腐败问题。破坏监管秩序、市场秩序，造成国有金融资产重大损失甚至诱发风险事件的，一律严惩不贷。银保监会表示，近年来，银保监会党委坚决贯彻落实中共中央全面从严治党重大决策部署，坚持从惩治腐败和防范化解金融风险大局出发，深化金融领域反腐力度，积极支持、全力配合驻会纪检监察组，严查重大金融风险、监管失职失守背后的腐败问题并向金融基础设施等领域延伸。谈及下一步工作，银保监会表示，将坚决惩治重大金融风险背后的腐败问题。坚持无禁区、全覆盖、零容忍，坚持重遏制、强高压、长震慑，重点关注高风险机构和地区，持续深入查处重大风险事件、金融案件背后的利益输送、监管失守问题，特别是破坏监管秩序、市场秩序，造成国有金融资产重大损失甚至诱发风险事件的，一律严惩不贷。同时，落实中共十九届五中全会和中央经济工作会议对新时代经济金融工作作出一系列重大决策部署，重点做好反垄断和防止资本无序扩张、提高金融服务实体经济发展效能、妥善处置银行业保险业重大风险、规范发展城商行和农村中小金融机构、完善现代金融监管体系、强化金融消费者权益保护等工作。银保监会还提及，坚决严查违反中央八项规定精神案件，坚定释放越往后盯得越紧、执纪越严的信号。对拉拢腐蚀监管干部的金融机构和人员，严格执行“双通报”；落实行贿受贿一起查处，涉及金融机构及其人员违法违规违纪问题，及时通报监管部门，督促作出严肃处理。(完),财经,银保监会：坚决惩治重大金融风险背后的腐败问题
天津3月31日电 (记者 张道正)京津冀交通一体化重点项目又有新进展。31日凌晨2时40分，随着最后一车混凝土浇筑入槽，京滨铁路单跨最长连续梁顺利合龙。京滨铁路宝坻段全面进入无砟轨道施工阶段，打通了梁场至北辰方向架梁通道关键节点，为2022年京滨铁路宝坻至北辰段建成通车打下良好基础。京滨铁路起自宝坻南站，终至滨海西站，线路长度约97公里，总投资238亿元人民币。该铁路将作为京津之间的第三条高铁通道，成为京沪二通道的重要组成部分，未来通过津承城际向承德方向延伸，实现与京沈客专的衔接，形成天津与东北方向联系的一条新通道。施工方介绍，京滨铁路全线单跨最长连续梁是宝坻段最后一座连续梁，采用(72+128+72)米连续梁跨越津蓟高速，全长273.7米，主跨128米，砼浇筑达6720立方米，主体梁体分75个节段进行施工。因津蓟高速车流量大，现场施工技术难度大，安全风险高。为减少上部结构施工对高速公路行车安全的影响，承建单位中铁十八局采用挂篮全封闭方式悬臂浇筑施工，并在已完成的节段梁两侧设置2.0米高安全防护栏杆及安全警示牌，防止挂篮跨高速施工区域内的任何物体坠落。(完),财经,京津冀交通一体化持续推进 京滨铁路单跨最长连续梁顺利合龙
中新经纬客户端3月31日电 周三，A股三大指数小幅低开，能源设备、家用电器、汽车、造纸等板块涨幅居前，贵金属、航天军工、白酒等板块跌幅居前，碳中和、数字货币、医疗美容、稀土永磁题材走弱。盘面上，采掘服务、食品加工、造纸、汽车整车、白色家电等板块领涨；黄金、林业、航空装备、燃气、稀有金属等板块跌幅居前。概念股方面，昨日涨停、昨日连板、新疆振兴、地下管网、食品饮料等涨幅居前，资金龙头、NFT文交所、碳交易、深圳国资改革、电梯等跌幅居前。个股方面，1268只个股上涨，其中天富能源、ST抚钢、ST瑞德等多只个股上涨幅度超过5%。2187只个股下跌，其中建科院、长龄液压、深圳能源等多只个股下跌幅度超过5%。资金流向方面，行业板块主力流入前五名的是其他交运设备、文化传媒、互联网传媒、营销传播、船舶制造，流出前五名的是其他交运设备、文化传媒、互联网传媒、营销传播、船舶制造。位居主力流入前五位的个股是中国广核、开普检测、欣贺股份、日久光电、地铁设计，流出前五位的个股是中国广核、开普检测、欣贺股份、日久光电、地铁设计。排在主力流入前五位的概念题材是O2O概念、棉花、特高压、风电、深圳国资改革，流出前五位的概念题材是O2O概念、棉花、特高压、风电、深圳国资改革。截至上一交易日，上交所融资余额报7957.73亿元，较前一交易日增加7.58亿元，融券余额报882.54亿元，较前一交易日增加6.72亿元；深交所融资余额报7117.71亿元，较前一交易日减少5.08亿元，融券余额报582.5亿元，较前一交易日增加5.06亿元。两市融资融券余额合计16540.48亿元，较前一交易日增加14.28亿元。从沪深港通南北资金流向看，截至发稿，北向资金净流入0.59亿元，其中沪股通净流入0.36亿元，当日资金余额为519.64亿元，深股通净流入0.23亿元，当日资金余额为519.77亿元；南向资金净流入20.4亿元，其中沪港通净流入17.87亿元，当日资金余额为402.13亿元，深港通净流入2.53亿元，当日资金余额为417.47亿元。财信证券指出，考虑到此前市场指数下行期间，积累了大量套牢盘，随着指数上行，基金赎回压力可能增加。因此后期指数的持续上行，仍需要增量资金入场以及成交量的放大来配合。周二两市共计成交金额为7493.5亿，成交量依旧低迷，资金仍持观望态度，指数未有效突破，市场仍存在较多变数，尤其是外围的美股以及美债收益率，可能会对A股指数反弹产生负面压制作用。中原证券表示，预计沪指短线小幅震荡的可能性较大，创业板市场短线震荡整固的可能较大。建议投资者短线关注航天军工、水泥建材、煤炭以及碳中和概念的投资机会，中线继续关注低估值蓝筹股的投资机会。(中新经纬APP)(文中观点仅供参考，不构成投资建议，投资有风险，入市需谨慎。),财经,A股三大指数小幅低开 汽车股涨幅居前
华盛顿3月30日电 (记者 沙晗汀)国际货币基金组织(IMF)总裁格奥尔基耶娃当地时间30日表示，IMF预计全球经济增长将好于此前预期，但不同国家地区前景将呈分化趋势，且存在极高的不确定性。格奥尔基耶娃当天为IMF和世界银行春季会议发表线上揭幕演讲时表示，IMF今年1月预测2021年全球经济增长率为5.5%，目前来看，全球经济增长将进一步提速，IMF在下周发布的《全球经济展望》中将上调全球经济增长预期。格奥尔基耶娃说，全球经济增长好于预期的部分原因在于政府额外的政策支持，包括美国新推出的一揽子财政刺激措施，另一部分原因在于许多发达经济体今年晚些时候有望出现疫苗驱动的复苏。格奥尔基耶娃还表示，尽管全球总体增长前景有所改善，但各国国内和不同国家地区之间的前景却呈现分化趋势，是一种“多种速度并存”的复苏，尤其依赖美国和中国这两大引擎的驱动。到2021年底，能实现GDP远超危机前水平的国家屈指可数，而美国和中国就是其中的两个。格奥尔基耶娃表示，IMF预计到明年，发达经济体人均收入的累计损失将达到11%，除中国以外的新兴市场和发展中经济体的这一损失将更加严重，预计为20%。“这一收入损失意味着数百万人将会陷入贫困、无家可归、忍饥挨饿。”格奥尔基耶娃指出，目前面临的最大危险就是“极高的不确定性”，未来在很大程度上取决于疫情的发展路径。就目前来看，疫苗接种进展参差不齐和变异毒株的出现正在阻碍经济增长，尤其在欧洲和拉丁美洲。而弱势的新兴市场、低收入和脆弱国家还将面临更大的压力。对于当前危机，格奥尔基耶娃认为，必须制定强有力政策保障复苏，并且给予民众公平机会。首先，集中精力摆脱疫情危机；其次，为经济复苏提供政策保障；第三，投资于未来，打造更绿色、更智能、更包容经济的新势头。今年IMF和世界银行春季会议将于4月5日至11日以线上方式举行。(完),财经,IMF总裁：预计全球经济增长好于预期但不确定性高
"消费者对汽车的感知不再满足于出行需求，智能且安全的下一代网联汽车市场正成为主流。以人工智能为核心的软件技术是否决定下一代汽车产业的发展？如何减少交通事故、提高通行效率和安全系数？从“自动化”到“智能化”，汽车产业还有多少路要走？近日，CETC普华基础软件股份有限公司总经理刘宏倩接受媒体采访时称，下一代汽车将更多取决于软件所设计的功能，汽车的安全性则更多取决于软件和硬件的安全设计。安全——汽车产业硬指标近日，主题为“让技术尊重生命”的2020首届汽车功能安全日活动在线上举行，中国汽车电子基础软件自主研发与产业化联盟(CASA联盟)作为主办单位，意在通过对ISO 26262、AUTOSAR等与汽车安全、软件息息相关的标准解读，倡议汽车行业从软件到芯片、零部件、整车企业等全产业链，关注汽车电子产品的功能安全设计、开发和验证，推动汽车安全水平的提高。作为CASA联盟的秘书长单位，普华基础软件是这场特殊线上活动的独家承办方。刘宏倩介绍说，中国目前已是全球最大的汽车生产国和汽车市场，在未来汽车发展所需要的基本能力中，安全尤为重要。“这个活动的主题本身就是汽车人对生命至上的庄重诠释。”国家市场监督管理总局缺陷产品管理中心发布的最新数据显示，截至2019年年底，我国累计实施汽车召回1992次，涉及缺陷车辆7578.01万辆，生产者因召回而投入直接费用总计约580亿元。专家表示，缺陷汽车产品已经严重威胁到汽车消费者乃至整个社会公众的生命与财产安全，汽车产品的功能安全问题往往最易被忽视。CASA联盟秘书长张晓先倡议，汽车生态链的所有企业应关注功能安全产品的需求规划、设计、实施、集成和验证，开发有效的系统安全架构,确保及时探测到潜在风险并可靠执行安全缓解机制,提升企业对车辆安全性能的不断追求，唤起社会对汽车功能安全的重视。“目前，新能源汽车的电机、电池系统与传统内燃发动机的技术存在较大差异。在国产汽车电子控制系统不断发展的同时，也需要有更加安全的软硬件产品提供基础性支撑。”著名计算机软件专家、中国科学院院士何积丰指出，作为推动新一轮科技革命和产业变革的重要力量，中国要从汽车制造大国向制造强国转变，符合标准的核心技术是当前我国汽车产业发展的关键。趋势——软件定义互联汽车今年2月，国家发改委、科技部、工信部等11部委联合发布了《智能汽车创新发展战略》，对汽车产业智能化、网络化、平台化发展提出了具体任务和发展方向。业内人士认为，技术融合将带来汽车生态链的全局变革，从设计开发到生产应用，以人工智能为核心的软件技术将成为下一代汽车产业的发展过程中重要一环。面对自动驾驶及智能网联汽车的安全与可靠性要求，国际主流汽车厂商的技术路线是通过基于AUTOSAR标准的扩展，在车控操作系统的基础上从分布式的单功能ECU向相对集中的功能域控制器、车辆计算平台方向发展。目前，欧洲所有OEM整车厂均要求功能安全，美国的OEM整车厂已在研究如何实施功能安全，而亚洲的丰田、吉利等车厂也已经明确要求汽车功能安全。今年5月初，普华基础软件基于AUTOSAR规范自主研发的“普华灵智ORIENTAIS 操作系统”产品通过ISO 26262 ASIL-D级最高安全级别认证，成为国内第一家达到国际汽车领域最高安全等级的AUTOSAR操作系统企业，填补了国内汽车电子技术在这一领域的空白。未来，该系统在国内汽车领域的大规模应用将降低车辆可能发生的风险及意外发生时的危害程度，进而使国内汽车厂商提升国际竞争力。人工智能、大数据、云计算等新一代信息技术对汽车产业发展产生了革命性的影响。现如今，自动驾驶、无人驾驶汽车更加对芯片、软件架构、计算平台等提出了更高的要求，软件定义汽车的价值也更加显现。“从软件的角度，汽车软件从预装系统时代到基于环境的学习、迭代、优化的智能系统时代，让汽车在行驶过程中，学习到对驾驶员的期望，然后不断迭代优化车辆的算法，在安全环境下慢慢去适应，并变成一辆最适合于驾驶员的车。”刘宏倩说。“如果要做到这样的方向，前提是标准化的硬件加上变化的软件才会实现各种不同的功能。在标准化硬件上面软件要进行迭代和优化，对软件从架构设计、功能安全到信息安全三个方面都将会是新的挑战。”刘宏倩称，普华作为中国电子科技集团(CETC)的重要基础软件平台，已经开始设计下一代汽车电子操作系统，支持复杂环境感知、智能算法决策、实时安全控制、基于服务的以太网通信、软件远程升级等功能，为软件定义汽车提供基础支撑。市场——产业创新机制建设《智能汽车创新发展战略》明确提出，要构建质量安全、功能安全防控体系，加强产业链关键环节安全联动、网络安全、数据信息安全等机制建设。到2025年，中国标准智能汽车的技术创新、产业生态、基础设施、法规标准、产品监管和网络安全体系基本形成。实现有条件自动驾驶的智能汽车达到规模化生产，实现高度自动驾驶的智能汽车在特定环境下市场化应用。持续发展的自适应自治系统和自适应控制技术正在成为汽车产业创新发展的关键课题，传统车载嵌入式软件架构和操作环境需要不断升级，以满足日益增长的下一代系统需求。尽管现代实时操作系统可以处理安全认证的多核应用程序，但尚无法满足下一代网联汽车的要求。围绕汽车产业生态，建立一套全产业链的创新机制在当下显得格外重要。早年间，普华基础软件开始和国内整车企业联合承担国家“核高基”任务，逐步建立了国产汽车电子基础软件、国产汽车电子控制系统的自主创新能力。2016年，CASA联盟成立国内汽车行业的首个原创性开源社区，开放汽车电子基础软件平台的核心源代码，进一步推动了国内汽车电子产业的技术进步和行业合作。据悉，作为 AUTOSAR组织高级合作伙伴，普华先后参与了软件体系架构、操作系统、通信、符合性测试等标准制定工作，是目前国内唯一可以提供完整AUTOSAR基础软件平台解决方案的中国本土技术服务提供商。刘宏倩说，依托中国电子科技集团(CETC)的大产业格局，普华不仅和中外半导体芯片、工具企业建立了合作关系，也已经和整车企业、零部件企业、互联网科技企业、信息通信等企业合作，不断扩展延伸基础软件的价值链。“事实上，在中国汽车市场从粗放式增长向结构化增长转变的新阶段，要求产业链各环节对汽车控制系统及其软件的安全性与可靠性提供保障，开发更安全、更高质量的产品。随着智能网联汽车的创新发展，除了功能安全，也开始提出了信息安全的需求。面对信息安全需求，需要开发端到端通信安全协议、车规密码服务等安全产品，逐步实现较完整的整车级纵深防御信息安全体系。”刘宏倩最后说。周建明",汽车,从“自动化”到“智能化” 谁来定义下一代汽车产业？
长春7月9日电 (郭佳)中国一汽红旗工厂新车间交付暨红旗H9量产仪式9日在吉林长春举行。中国一汽集团表示，新车间投产和红旗H9量产将为完善红旗产品布局、达成全年20万辆目标、推进红旗品牌实现高质量跃迁成长提供强有力支撑。据介绍，红旗工厂新车间深度融合了工业化、信息化技术，在中国国内首次使用了全自动天车、机器人喷蜡等先进智能装备，创新应用了身份识别、预测性维护等数字化技术。作为新工厂正式投产的第一款车型，红旗H9集成了红旗品牌在造型设计、驾乘体验、智能网联等领域的最新技术成果。长春市副市长、长春汽开区党工委书记王海英表示，将举全市之力支持中国一汽创新发展，支持红旗品牌做大做强。“建设长春国际汽车城，打造万亿级汽车产业集群是最有力的服务举措。”中国一汽董事、党委副书记秦焕明表示，要早日把“红旗”打造成中国汽车产业豪华品牌标杆，为振兴民族汽车工业、为吉林省和长春市经济社会发展作出新的更大贡献。(完),汽车,中国一汽红旗工厂新车间交付 量产最新技术车型
客户端北京7月30日电 “当前，亦庄迎来了区域发展的第三个阶段，也就是北京总体规划中提出来的，对接三城做好一区，这意味着亦庄未来是承接三城的利好资源，整体发展是朝着更加国际化、高端化，产城融合的高品质发展。”清华同衡规划设计研究院、城市发展策划研究所所长彭剑波29日在台湖区域价值论坛如此表示。以“亦庄东扩 台湖热土进行时” 为主题的台湖区域价值论坛现场。2019年11月，北京市政府批复了朝阳、海淀、丰台、石景山、门头沟、房山、顺义、大兴、昌平、平谷、怀柔、密云、延庆分区规划(国土空间规划)及亦庄新城规划(国土空间规划)作为区级国土空间总体规划。亦庄新城规划属于特定地区规划，规划范围包括亦庄新城的大兴部分及通州部分，空间布局“一廊一带三中心”。北京经济技术开发区管委会统一规划和开发建设亦庄新城，积极对接三大科学城，打造高精尖产业主阵地，加大科技创新与产业、城市发展的融合力度，以智慧服务促进技术创新。根据《亦庄新城规划(国土空间规划)(2017年-2035年)》，亦庄新城的范围扩区至约225平方公里。原本处于通州区的台湖，归属为亦庄新城。这意味着，台湖在承接城市副中心通州的同时，正式纳入亦庄新城经济管辖。亦庄新城规划明确，台湖作为亦庄新城空间布局规划“一廊一带三中心”中的科技金融创新中心，重点作为亦庄开发区的产业承接重点发展科技服务业、金融服务，建设有利于技术创新和产业发展集聚的地区创新中心。北京市房协副会长陈志在论坛上表示，亦庄新城规划发布，基于亦庄的发展战略以及台湖特殊的区位优势、天然的规划基因和连接属性，使得亦庄东扩至台湖成为发展必然。而从2020年初开始，实质性的权利层面也有了进一步推动，包括税收、拆迁权、不动产登记等逐渐转移，也证明了亦庄规划正在逐渐落地。基于先天区域及轨交的前置规划，台湖形成了独特的TOD发展模式，区域内实现了先规划后发展。彭剑波提到，台湖通过两站一街TOD发展模式的规划，台湖可以更好地实现都市化和国际化，依托立体轨道交通，通过京津等几大高速，很快融入到跟CBD互动，包括主城区和副中心，另外通过S6号线连接了双机场，优质的轨交发展让这个区域更有活力和动力。“台湖的两站一街规划发展，未来会形成多元融合和多重活力共生的美好生活场景，每一个TOD站点都成为城市活力的节点，实现街区和城市的高度融合，实现职住平衡与产城融合。”彭剑波称，不管是从亦庄新城整体的规划定位，还是台湖科技金融创新中心的定位，台湖都已经迎来加速发展的新阶段。众多高新技术企业资源的引进、交通枢纽规划落地的同时，台湖也已经吸引到万科、泰禾、金茂、绿城等头部房企驻足。2月份，绿城以49.8%的溢价率竞得台湖一宗不限价宅地。而万科早在2012年便入驻台湖。截至目前，万科在台湖形成了住宅、办公、别墅、商业等多元业态，4万方新五街也已开业。2019年入市的万科城市之光·东望基于17号线首站的地铁优势，从住区体量、配套、IP运营、品牌APP搭建四个维度，打造地铁城市，融入科技生活，不断从未来生活角度出发提升人居环境。陈志建议，从行业的角度出发，希望开发商从TOD模式出发做城市运营商，城市发展角度更期待看到1公里的开发，1平方公里的城市级别视角的开发运营。只有对区域的深度理解才会有更合适的开发助力，在前期注入更多的参与，才会更能从人的生活角度去实现人居品质的需求满足，实现长周期的运营。(完),房产,专家：北京亦庄迎来加速发展的新阶段
传统观念中，租房无非就是租客通过各种渠道找到房源并租住的行为。不过，作为长租公寓行业的知名品牌，蛋壳公寓在2020年不断开拓租住服务边界。仅今年上半年，就先后与货拉拉、顺丰快运、丁香医生、亚马逊海外购、御泥坊、喜马拉雅等12大品牌达成合作，为消费者提供更多的租房新体验和租住福利。与蛋壳公寓达成合作的这12大品牌涵盖了美妆、食品、医疗、购物、娱乐、出行等多个领域。其中，食品行业的品牌有Cakeboss、快买酒；购物行业有亚马逊海外购、多点；出行行业有租租车；美妆行业有御泥坊；休闲娱乐行业的品牌则有喜马拉雅、花点时间；健康领域的品牌有丁香医生和善诊，此外还有顺丰快运、货拉拉这样的拉货搬家品牌。他们都在各自的领域拥有领先的品牌优势和良好的口碑。对于当代城市青年而言，租房是他们无法绕开的话题。在职业发展的初期，繁重的工作让“两点一线”的生活变成常态。他们牺牲了自己的时间，没有娱乐放松的机会，业绩提升的同时，焦虑同时也找上门来。此外，对于许多2020年的应届毕业生来说，疫情的突然而至也打乱了他们原有的计划。企业宣讲会取消，现场答辩取消，无法参加毕业典礼……许多人最终只能拿到PS处理后的毕业照，甚至如何取回放在宿舍的物品都成了难题。正是看到了这种现状，蛋壳公寓在日常推出的租房优惠活动基础上进行了不断尝试，与跨行业的品牌积极合作，将租住生活的方方面面进行深度捆绑。除了为租客提供租金优惠的同时，蛋壳公寓加入了更多体贴化的生活服务，给租客送去更多的福利补贴。今年毕业季，蛋壳公寓联合顺丰速快运、货拉拉推出的“一键式离校”活动，为后疫情时代的毕业生们送上百元大件邮寄礼包和百元搬家优惠礼包，兼顾同城和城际运输的同时，真正把效率与性价比有效结合了起来。针对平日工作繁忙的上班族，蛋壳公寓联合租租车平台，推出了“先领券、再下单”活动，让郊游、短途旅行变得更加划算。除此之外，蛋壳公寓还和快买酒进行合作，送出红酒折扣、啤酒代金券等多重福利，让上班族的周末小聚变得更加划算。蛋壳公寓在租房市场中打出了一记组合拳，让租房与生活深度绑定，不仅降低了租客在日常生活中的选择成本与决策成本，并让租客在工作中的压力得到有效释放。更关键的是，蛋壳公寓此举打破了人们对租房的认识，这种“一站式”服务或将是租房服务的全新定义。据了解，蛋壳公寓成立于 2015 年初，是一家以数据驱动为核心，提供高品质租住生活的资产管理和居住服务平台，产品形态涵盖合租公寓、整租公寓等，满足都市年轻白领多元化的居住需求。创立至今五年多时间，已进入北京、上海、广州、深圳、苏州、杭州、天津、武汉、南京、成都、无锡、重庆、西安13地市场。2020年1月17日，蛋壳公寓在纽约证券交易所正式挂牌上市，成为2020年登陆纽交所的中国第一股。(蛋壳公寓供稿),房产,联手12大品牌跨界合作，蛋壳公寓重新定义租房生活
7月28日电 27日，财富中文网发布2020年度《财富》中国500强排行榜。其中，碧桂园集团以4859.08亿元的营业收入维持第19名，位列房地产行业榜第一。《财富》中国500强排行榜，考量了全球范围内最大的中国上市企业在过去一年的业绩和成就，由世界著名的财经杂志《财富》与中金公司财富管理部合作编制，是衡量中国上市企业发展状况最著名、最权威的榜单之一。今年500家上榜的中国上市公司总营业收入达到50.5万亿元人民币，较去年增长11%；净利润达到了4.2万亿元，较去年增长超16%。今年上榜公司的年营收门槛接近178亿元，相比去年提升了近10%。去年中国GDP突破99万亿元，这意味着榜上500家上市公司的收入总和超过了中国当年GDP的一半。地产行业是入榜公司最多的行业，今年共有53家地产公司上榜，收入总额达到4.5万亿元，较去年的3.7万亿元有显著增长。随着地产行业开始进入存量时代，碧桂园顺应行业发展大势，行稳致远、稳健经营，业绩获得持续稳定增长。年报显示，2019年碧桂园实现归属公司股东权益的合同额约人民币5522亿元，实现总收入约4859.1亿元，同比分别增长10%和28.2%，持续领跑行业。今年5月，《福布斯》2020年上市公司2000强榜单发布，碧桂园集团位列第111名，较2019年排名上升18位。当前，碧桂园已获国际权威信用评级机构——惠誉给予投资级的BBB-企业信用评级，标普及穆迪也分别给予碧桂园BB+及Ba1评级，距投资级均只有一级之遥。2019年8月，穆迪又将对碧桂园的展望由“稳定”调升至“正面”，反映出市场对于碧桂园未来发展的信心。,房产,2020年《财富》中国500强发布 碧桂园位列房地产行业第一
7月27日电 27日，北京市住建委网站刊发关于放开我市住宅小区室内装饰装修活动的通告(以下简称通告)。通告指出，北京市全面放开住宅小区室内装饰装修活动。通告指出，相关工作按照《住宅室内装饰装修管理办法》(建设部令第110号)和《北京市环境噪声污染防治办法》(北京市人民政府令第181号)的有关规定执行。通告并称，进入住宅小区的装饰装修人员，按照北京市新冠肺炎疫情防控关于社区、小区出入管理的要求执行。,房产,北京：全面放开住宅小区室内装饰装修活动
东莞凌晨九条新政调控楼市：外地人停售三套房，住房3年限售7月25日凌晨零点，广东省东莞市住房和城乡建设局联合11个部门发布《关于进一步促进我市房地产市场平稳健康发展的通知》，通知发布9条新调控政策，其中重点包括：调整商品住房限购政策，非本市户籍居民家庭在本市购买第一套商品住房的(新建商品住房或二手商品住房，下同)，须提供2年内连续1年以上社保证明；购买第二套商品住房的，须提供3年内连续2年以上社保证明，暂停向其销售第三套商品住房。此外，通知规定，自本通知施行之日起在本市行政区域内购买的商品住房(以网签时间为准，含新建商品住房和二手住房)，须取得不动产权证满3年后方可交易转让。通知7月25日起立即执行。此前7月24日，中共中央政治局常委、国务院副总理韩正主持召开房地产工作座谈会，北京、上海、广州、深圳、南京、杭州、沈阳、成都、宁波、长沙等10个城市人民政府负责人参加座谈会。韩正强调，要全面落实城市政府主体责任，发现问题要快速反应和处置，及时采取有针对性的政策措施。关于进一步促进我市房地产市场平稳健康发展的通知为切实贯彻落实党中央、国务院决策部署，坚持“房子是用来住的，不是用来炒的”定位，进一步强化房地产市场调控城市主体责任，经市人民政府同意，现就相关事项通知如下：一、加大住宅用地和住房供应力度加大住宅用地供应力度，适当提高新增国有建设用地中住宅用地供应比例，优先满足住宅用地需要，缓解住房供需矛盾。积极创新体制机制，着力突破城市更新项目周期长、进展慢的瓶颈，增加住宅用地有效供应。加强住房区域协调和城乡统筹，促进区域轨道交通等基础设施互联互通和教育医疗等公共服务设施对接，引导人口和住房需求合理分布。协同推进稳地价稳房价稳预期，优化住宅用地差别化限地价出让方式。加大安居房配建力度。原则上要求新供应住宅用地项目、政府主导城市更新住宅项目配建不少于住宅计容建筑面积 10%的安居房，用于人才住房等用途。试点建设“三限房”，在房价较高的热点区域选取符合两规、条件成熟、配套完善的地块，建设“ 限地价、限房价、限购买人群”的住房项目。二、调整商品住房限购政策自本通知施行之日起，非本市户籍居民家庭在本市购买第一套商品住房的(新建商品住房或二手商品住房，下同)，须提供购房之日前2年内在本市逐月连续缴纳1年以上社会保险证明；购买第二套商品住房的，须提供购房之日起前3年内在本市逐月连续缴纳2年以上社会保险证明。非本市户籍居民家庭在本市行政区域内拥有2套及以上商品住房的，暂停向其销售商品住房。自本通知施行之日起，个人所得税缴纳证明不再作为购房资格审核材料。为做好与原有政策的衔接，在本通知施行之日前已连续缴纳个税满一年或两年的非本市户籍居民家庭，仍可按原政策规定购买首套或第二套商品住房。三、调整商品住房限转让年限自本通知施行之日起在本市行政区域内购买的商品住房(以网签时间为准，含新建商品住房和二手住房)，须取得不动产权证满3年后方可交易转让。四、调整住房公积金贷款政策对于异地缴存住房公积金的职工，在我市购房申请住房公积金贷款的，职工本人或其配偶须为本市户籍。五、加强商品住房价格监管密切监测商品住房销售价格，对于新建商品住房申报销售价格明显超出周边市场价格水平的，从土地成本、建安成本、 销售管理费用、税费、企业利润等方面进行全面核查，对定价超出行业公允水平又不能作出合理说明的，暂停核发预售许可证或暂不办理现售备案。六、规范房地产金融秩序继续严格执行差别化住房信贷政策，持续做好房地产金融风险防控各项工作，切实防范信贷资金违规流入房地产市场。强化房地产融资业务管理，将房地产贷款集中度过高和增速过快的银行列为重点监管对象。加强对银行等金融机构的监管，督促银行严格审核购房资金来源，严查严防挪用消费贷款及其他贷款用于购房。禁止非银行金融机构向个人提供购房贷款。严厉打击“高评高贷”行为，对参与“高评高贷”的评估机构、金融机构，依法依规追究相关机构和人员责任。七、规范房地产市场交易秩序加大联合查处力度，持续开展房地产市场秩序整顿工作，重点打击房地产领域捂盘惜售、价外加价、虚假宣传、恶意炒作、收“茶水费”等违法违规行为。对二手房市场操盘控价、抱团涨价、通过“阴阳合同”骗取贷款、将不具备交易转让条件的房源挂牌出售等恶意哄抬房价、扰乱市场秩序的行为从严查处。对相关参与机构、个人，依法依规采取约谈、暂停网签、停业整顿、取消从业资格、限制交易、列入个人征信不良记录等处理措施，涉嫌犯罪的移交司法机关处理。八、加大房地产信息公开力度进一步加强商品住房用地、房源、住房交易价格等信息公开，促进供需信息对接对称。定期发布全市已成交住宅用地的可售楼面单价平均数。适时公布存量房源和未来计划上市房源情况。定期公布全市各镇街(园区)新建商品住房和二手住房网签交易数据，适时公布各镇街(园区)有代表性的、成交活跃的二手房楼盘的网签交易信息，提高房价透明度，引导市场理性交易。九、加强宣传舆论引导加强房地产政策宣传解读工作，及时发布权威信息，回应社会关切。加强房地产信息发布规范管理，对虚假夸大、捏造散布不实言论、误导公众、违规发布房地产信息的行为，依法依规严肃处理。本通知自印发之日起施行，此前相关政策措施与本通知不一致的，以本通知为准。东莞市住房和城乡建设局东莞市不动产登记中心东莞市市场监督管理局东莞市互联网信息办公室东莞市住房公积金管理中心国家税务总局东莞市税务局中国人民银行东莞市中心支行中国银行保险监督管理委员会,房产,东莞出新政调控楼市：外地人停售三套房，住房3年限售
刘道伟作（新华社发）一名学生在家中上网课。 新华社记者 刘 磊摄作为打破时间、空间限制的新型教育方式，在线教育近年蓬勃发展。今年以来受疫情影响，用户需求更是迎来井喷式增长，天眼查数据显示，截至10月份，今年在线教育企业新增8.2万家。另据《中国互联网络发展状况统计报告》，截至3月，中国在线教育用户规模已达4.23亿，较2019年6月增长82%。面对发展机遇，在线教育行业内侵权现象也接踵而至。如何保证在线教育版权不受侵害？这一话题引人深思。盗版泛滥的“重灾区”官网价值3000元的外语课程，有些网店只卖“9块9”，通过网盘即可保存；来自不同机构的文字资料被整合进“学习包”，点开链接就能下载……如今，这些现象越来越普遍，成为部分商家或个人增加流量、吸引消费者的手段。不少人提出疑惑：线下生活中，私自复制书籍内容并对外兜售，是侵权行为；那么，线上未经许可传播课程、资料是否侵权？“在线教育课程中的视频、课件、文字内容等一般属于《著作权法》中所述的‘作品’或‘录音录像制品’，受到《著作权法》保护。”中伦律师事务所合伙人赵刚律师接受本报记者采访时表示，上述行为构成侵权。赵刚指出，除此之外，在线教育行业还存在更多侵权形式：抄袭其他机构编撰的题库或者真题解析，形成本机构在线教学的教辅材料；在教学视频中穿插具有版权的影视及音乐作品；主讲人使用原单位为其录制的视频授课……传播者利用他人原创作品谋取私利，侵犯原作者复制权、信息网络传播权、放映权等，损害原创内容作者的正当权益。业内人士认为，盗版一直是社会顽疾，在线教育则是盗版泛滥的“重灾区”，长此以往，会妨碍行业健康发展，不利于营造全社会尊重版权的氛围。破解软件让人防不胜防北京互联网法院日前举行“在线教育知识产权相关问题研讨会”，好未来教育集团总法律顾问魏嘉介绍，该集团在某电商平台投诉删除侵犯学而思网课版权的链接约1.5万条，封闭店铺274家，被清空全部商品的店铺有102家。无独有偶，专门从事软件操作教学的百问科技有限公司表示，自2011年开始提供收费视频教程以来，公司一直面临盗版挑战。该现象在二手交易平台上更猖獗，严重影响公司权益。相关人士分析，尽管各大机构、平台利用内容加密、防盗录插件等技术手段保护版权，但不乏盗版者受利益驱使，开发相应的破解软件，“道高一尺，魔高一丈”，让人防不胜防。北京市高级人民法院法官亓蕾说，随着网络环境日益开放，侵权者活动范围从电商平台、二手交易网站向微信朋友圈、QQ群拓展，还存在多次转手倒卖现象，察觉到侵权后，权利人无法直接向平台索取对方实名信息，不能明确被告。且由于侵权者删改网络内容极其便捷，给权利人取证留证造成困难。凡此种种都导致诉讼难以进行，助长了侵权之风。专家表示，在线教育是运用互联网、人工智能等现代信息技术进行教与学互动的新型教育方式，应当理性意识到，技术手段和网络环境助推在线教育驶入快车道，同时也成为滋生侵权现象的温床。合力对盗版内容说“不”尽管在线教育诞生、成长的沃土本身孕育了侵权，但行业内部仍可有所作为。赵刚表示，企业在版权局进行作品登记、完善技术手段，避免不法分子技术破解，只是强化版权保护意识的一部分。考虑到线上教育企业人员流动性较大、对版权保护认识程度不同，还应当加强人员管理，普及相关教育，并与录制课程的教师明确版权归属，将保护版权落细落实。2019年教育部等11个部门出台《关于促进在线教育健康发展的指导意见》，要求加强知识产权保护，依法严厉打击侵犯知识产权违法犯罪行为。今年，各地积极响应国家版权局、网信办、工信部、公安部等部门，陆续开展“剑网2020”专项行动，整治在线教育培训中存在的侵权盗版乱象，切断盗版网课的灰色产业链条，取得不错成效。北京市文化市场行政执法总队对两家公司未经许可、通过营利性在线教育平台传播人民教育出版社出版教材，作出行政处罚。扬州市文化市场综合执法支队掌握网络侵权线索6条，全部予以立案。各地法院检察院也积极推进在线教育侵权案件的审理、公诉，打击知识产权犯罪行为，对侵权行为予以处罚，发挥有力的震慑作用。专家认为，以往版权保卫战中，还有一支重要力量容易遭到忽视。有需求才有市场，部分消费者图价格便宜而使用盗版资源，客观上纵容侵权行为“肆意生长”。因此消费者有必要增强版权保护意识，通过正规途径购买在线教育产品，对盗版内容说“不”。随着各方共同发力，紧握维权大旗，在线教育侵权乱象有望得到大幅改善，还在线教育市场一片清朗。(责编：孙竞、熊旭),教育,在线教育需补上“版权课”
党的十九届五中全会提出：“加强基础研究、注重原始创新”。刚刚召开的中央经济工作会议强调：“要抓紧制定实施基础研究十年行动方案”。基础研究难度大、花费高、周期长，需要持续稳定的经费支持。习近平总书记在科学家座谈会上的重要讲话中指出：“要加大基础研究投入，首先是国家财政要加大投入力度，同时要引导企业和金融机构以适当形式加大支持，鼓励社会以捐赠和建立基金等方式多渠道投入”。优化投入结构，形成持续稳定投入机制，对于加强基础研究具有重要意义。加大国家财政投入力度。强大的基础研究是建设世界科技强国的基石。当前，新一轮科技革命和产业变革蓬勃兴起，世界主要发达国家普遍进行基础研究战略部署，全球科技竞争重心不断向基础研究转移。近年来，我国科技创新取得重大成就，但在基础研究领域与世界先进水平相比仍存在不小差距，需要奋起直追。加强基础研究，首先国家财政要加大投入力度，鼓励长期坚持和大胆探索，为建设科技强国夯实基础。党的十八大以来，我国出台了《关于深化中央财政科技计划（专项、基金等）管理改革的方案》等一系列重要改革方案，助力基础研究领域取得重大突破。面向未来，我们要进一步加大国家财政投入力度，对基础研究的重点领域给予更多倾斜。比如，对地方、市场和社会力量难以有效配置资源开展研究的基础科学领域加大国家财政投入力度；进一步加大支持力度和调整结构，实现自由探索类基础研究、目标导向类基础研究均衡发展；支持地方政府结合本地区经济社会发展需要加大对相关基础研究投入。引导企业和金融机构加大支持。企业是创新的主体。企业处于生产经营的第一线、市场竞争的主战场，直接面对国内国际市场的各种风险挑战，最了解产业发展的技术需求，善于找准与经济社会发展需求相对接的基础研究方向。这决定了企业在基础研究方面大有可为。加大基础研究投入，要鼓励和支持领军企业把开展基础研究、提高原始创新能力作为战略性任务，帮助具备条件的领军企业部署建设一批重点实验室，支持相关企业与高校、科研院所等共建研发机构和联合实验室，加强面向行业共性问题的研究。落实研发费用加计扣除等政策，探索联合资助等措施，激励相关企业加大基础研究投入，充分发挥企业在产学研深度融合中的作用。此外，金融机构也要贯彻落实国家关于加强基础研究的战略部署，从自身实际出发，进一步研究如何以适当形式加大对基础研究的支持。拓宽社会投入渠道。创新是一个复杂的社会系统工程，涉及经济社会各个领域，需要全社会共同支持。我们要引导社会各方面更加关心基础研究，鼓励社会以适当方式多渠道投入基础研究。比如，可积极鼓励社会各界以捐赠的方式加大对基础研究的投入，支持具有发展潜力的科技工作者、新型研发机构开展基础研究。又如，建立支持基础研究的基金，不断规范基金的运作方式，扩大基金的资金来源，为基础研究提供经费支持。再如，积极探索科研活动协同合作、众包众筹等新方式，吸引社会各类创新主体共同破解研究难题、共享创新成果。在基础研究方面不断拓宽社会投入渠道，不仅可以为基础研究提供经费支持，还可以在全社会营造重视基础研究、支持基础研究的良好氛围。（作者单位：中国人民大学马克思主义学院）(责编：孙竞、熊旭),教育,不断加大基础研究投入
基础研究是科技创新的源头。习近平总书记在科学家座谈会上强调：“我国面临的很多‘卡脖子’技术问题，根子是基础理论研究跟不上，源头和底层的东西没有搞清楚。”加强基础研究是一项重大而长期的任务，要加大投入，创造良好科研生态，建立健全科学评价体系和激励机制，持续不断做好基础研究人才培养工作。创新是引领发展的第一动力。“十三五”时期，我国创新型国家建设成果丰硕。同时也要清醒看到，我国科技发展存在大而不强、基础研究和原始创新薄弱、一些关键核心技术亟待突破等问题。在新发展阶段，必须更加注重基础研究，以科技创新突破发展瓶颈。高校是我国基础研究的重要基地，是原始创新的主阵地。广大高校科研工作者要加强创新型研究，加强基础研究人才培养，为强化科技创新的人才支撑发挥关键作用。人才是创新的第一资源，创新型人才是加强基础研究、推进原始创新的主力军。党的十九届五中全会提出：“支持发展高水平研究型大学，加强基础研究人才培养。”作为培养未来创新型人才的摇篮，高校要把基础理论的教学研究摆在更加重要位置，全面提高教育质量，着力培养学生创新意识和创新能力；高度重视科教融合、产教融合，把人才培养与科技创新融为一体，把培养具有国际水平的青年科技人才和创新团队作为历史责任和使命担当。习近平总书记指出：“基础研究一方面要遵循科学发现自身规律，以探索世界奥秘的好奇心来驱动”。好奇心是做好基础研究的出发点，也是能够持之以恒做好基础研究的动力源。拥有好奇心，才能让对世界的自由探索变为自觉行为，进而取得原创性突破。居里夫妇从数吨沥青铀矿渣中提炼出氯化镭，源自对未知放射性物质的好奇；袁隆平培育出高产的籼型杂交水稻，因为他有着“禾下乘凉梦想”；屠呦呦发现全新抗疟疾药物青蒿素，获益于她对植物分类学的极大兴趣……古往今来，好奇心驱动着基础研究不断迈上新台阶。加强基础研究人才培养，首先要呵护好科研人员的好奇心，尤其是对青年研究者的“大胆假设”要给予包容，让他们从科学研究中收获乐趣，更好推开科研之门。加强基础研究人才培养，需要大力弘扬科学家精神。科学家精神的主要内涵包括六个方面：胸怀祖国、服务人民的爱国精神，勇攀高峰、敢为人先的创新精神，追求真理、严谨治学的求实精神，淡泊名利、潜心研究的奉献精神，集智攻关、团结协作的协同精神，甘为人梯、奖掖后学的育人精神。科学家精神是我国科技工作者在长期科学实践中积累的宝贵精神财富，大力弘扬科学家精神是我们加强基础研究人才培养的题中应有之义。高校科研工作者不仅要自觉践行、大力弘扬科学家精神，勇立潮头、锐意进取；还要做好“传帮带”工作，通过言传身教、以身示范，帮助学生树立科技报国的远大理想。加强基础研究人才培养，需要增强创新主体的责任感和使命感。高校不仅要教育学生遵循学术规范、坚持学术道德底线，还要鼓励学生大胆创新，对标世界前沿、对接国家战略、对准社会需求，坚持需求导向和问题导向，敢为天下先。此外，还要尊重人才成长规律和科研活动自身规律，加大对基础前沿教学研究活动的支持，为培养造就一批具有国际水平的战略科技人才、科技领军人才和创新团队搭建平台、营造氛围、提供空间。（作者为复旦大学上海医学院院长、中国科学院院士）  (责编：孙竞、熊旭),教育,加强基础研究人才培养
讲台上，来自贫困地区的学生讲述着脱贫攻坚给自己家乡带来的改变；讲台下，老师和学生们认真倾听一个个鲜活的脱贫故事。在哈尔滨工程大学，“小先生”讲扶贫的思政课颇受师生欢迎。学生们积极参与，思政教育入脑又入心。日前，哈尔滨工程大学被授予“第二届全国文明校园”称号，讲学习、讲政治、讲正气，有传承、有特色、有典型的“三讲三有”特色校园文化正逐渐形成。“我非常高兴能够站在这里，和大家分享我的故事。”来自贫困地区的船舶工程学院大三学生侯祥雨走上讲台，讲述中几度哽咽。年年都有的形势与政策课程，如何做到入脑又入心？马克思主义学院两位“80后”教师金璐璐、刘禹辰了解到学生中有的参加过“三下乡”社会实践活动，有的家位于边远贫困地区，本身就是扶贫对象，于是他们大胆创新课堂形式，让学生走上讲台，用亲身经历讲述脱贫攻坚成果，让政策理论“沾泥土”“带露珠”。就这样，超过1000名的哈工程学生，主动走上讲台，在形势与政策课上分享自己亲身经历的“扶贫故事”，讲述自己家乡的变化。为加强思政工作主力军建设，哈工程还坚持职称评聘“三单”政策，思政课教师和辅导员职称评聘实行单独标准、单独指标、单独评审，辅导员中产生了3名正教授、17名副教授，近3年有3人入选全国和省高校辅导员年度人物。善之本在教，教之本在师。哈尔滨工程大学始终把师资队伍建设作为提高人才培养质量的根本保证。哈工程校园共走出杨士莪、杨德森、徐玉如等多位院士。近3年来，学校涌现出全国工人先锋号、全国教育系统先进集体、全国高校黄大年式教师团队、全国模范教师、全国优秀教师等一批典型。“一项技术在理论上再完美，不能实际应用就等于零。工程问题就是要解决实际问题。”这是水声工程专家杨德森院士的治学理念，也是哈工程师德师风的生动诠释。建校以来，“治学严谨、组织严密、要求严格”的教风和“严谨、求实、勤奋、创新”的学风被一代代地传承了下来。如今，哈工程进一步严把教师入口关，增加思政面试环节；建立两谈三审一承诺制度；实行师德师风考评一票否决制，坚持把师德师风作为第一标准贯穿教师评价全过程。“学校鼓励师生积极投身科技创新行动，聚焦核心技术，解决多项‘卡脖子’难题。”哈尔滨工程大学党委书记高岩介绍，全校师生传承创新理念，哈工程学生代表队连续两年捧起国际水下机器人大赛冠军奖杯。蛟龙号潜水员唐嘉陵带领学生遨游深海；南极中山站5名队员揭秘科考生活；第九次北极科考队成员韩笑与学生们探索冰川奥秘……这群行业精英、学术专家都是哈尔滨工程大学开设的通识教育选修课《海洋中国》的主讲人，课程因疫情原因改为线上开讲，效果却丝毫不减。只有145个选修名额的网课，每次开播都挤进200多名学生。“紧扣学校办学特色，以有情有爱、有温度的课程，树立同学们热爱、投身专业领域的信念。”该课程主要负责人严汝建说。为传承红色基因，哈尔滨工程大学着力打造哈军工文化园，其中哈军工纪念馆开办的“军工往事”专栏，大力弘扬哈军工前辈扎根东北、爱国奉献、艰苦创业、服务国防的忠诚报国情怀。“学校坚持建设特色文化校园，发挥实践育人功能，将思政教育与学生活动结合、寓教于乐，使学生在活动中提高参与感、增强自豪感。”机电学院辅导员房帅说。(责编：孙竞、熊旭),教育,强化创新理念 弘扬向上学风
太原3月19日电 (记者 李新锁)山西“能源双雄”——山西焦煤和晋能控股19日签约划转旗下煤矿资产，以期提高产业集中度、加速山西产业转型。当天，山西省国资运营公司召开“山西焦煤与晋能控股煤矿资产重组第二批资产划转签约会议”。其间，山西焦煤和晋能控股就相关焦煤和非焦煤资产展开划转，涉及25座煤矿，产能近3000万吨。在新一轮战略重组中，山西煤炭国企从“七煤并立”变为“双雄争艳”，山西焦煤和晋能控股应运而生。重组后，山西焦煤目标直指“主导国际炼焦煤资源配置，在全球煤焦市场具有话语权和影响力”；晋能控股凭借1.11万亿元人民币资产、约4亿吨煤炭产能，跻身中国第二大、全球第三大煤炭企业。“双雄争艳”背后，山西官方并未满足于“大块头”体量，而是借助煤炭重组发挥其支撑、加速转型的“智慧”。对于前述签约，山西省国资运营公司董事长郭保民表示，此举意在促进煤炭产业优势真优、优势更优，打造战略性新兴产业电价洼地和发展高地。作为能源大省，山西长期面临国企内部产业趋同、低水平同质发展、整体规模效应小、缺乏行业话语权的窘境。山西省国资运营公司相关人士介绍，此番签约，晋能控股把旗下焦煤资源划给山西焦煤，进一步提高行业集中度、增强话语权；山西焦煤把旗下非焦煤资源划给晋能控股，推动煤电联营，降低电价成本，借助电价优势集聚、发展战略新兴产业。上述人士介绍，重组完成后，山西焦煤逐步整合山西其他省属国企焦煤资源，进而整合省内外乃至海内外焦煤资源，形成规模效应，增强市场话语权。对于晋能控股，山西高层亦要求“在做大块头的同时，不断提高科技含量、增强综合实力、培育核心竞争力”。去年10月，山西针对参与电力市场化交易的14个战略性新兴产业企业进行备案管理，使其享受终端电价0.3元/千瓦时。此举一出，长久以来形成的山西煤炭优势真正转化为真金白银的电价优势。上述人士表示，在山西“能源双雄”格局下，晋能控股将承担煤炭产业在战略性新兴产业培育过程中的支柱作用，为转型发展赢得时间和空间。“借助此番煤矿划转，晋能控股将进一步推进煤电一体化，降低电价成本，为山西打造战略性新兴产业电价洼地和发展高地夯实基础。”上述人士说。(完),科技,山西“能源双雄”划转煤炭资源加速进化：“大块头有大智慧”
中新社武汉3月18日电 (梁婷 张熙)2020年湖北碳市场累计配额成交3.56亿吨，占全国50.8%；成交额83.51亿元(人民币，下同)，占全国54.4%。湖北碳排放权交易中心市场交易规模、引资规模、纳入企业参与度等市场指标居全国首位。湖北省政府新闻办18日举行新闻发布会，湖北省地方金融监管局副局长严宓介绍上述信息。碳排放交易是为促进全球温室气体减排，减少全球二氧化碳排放所采用的市场机制。政府通过招标、拍卖等方式将一定的二氧化碳配额，发放给有排污需求企业，配额富余企业可将富余配额出售给配额不足企业，形成一定减排收益。湖北于2011年获批成为全国七个碳排放权交易试点之一，3年后启动碳市场交易，也是国内首个外资主体参与的碳市场。数据显示，截至目前，湖北碳市场已纳入373家控排企业，总排放量2.75亿吨，约占全省45%；总产值1.1万亿元，约占全省30%。碳市场覆盖工业领域的温室气体排放，占第二产业产值的70%，涉及电力、钢铁、水泥和化工等16大行业。同时，以碳汇交易为代表的精准扶贫模式在湖北展开，利用省内贫困地区林业生态资源，湖北探索生态补偿机制。截至目前，推动全省农村户用沼气和林业碳汇项目开发达128个，预计年均减排量214万吨。全省已有217万吨贫困地区产生的碳减排量进入市场交易，为贫困地区带来收益超过5000万元。据悉，全国碳市场将于今年6月底前启动上线交易。落户湖北的全国碳交易注册登记系统(中碳登)当前正为2225家履约企业办理开户手续。严宓表示，下一步，湖北将推进全国碳排放权登记结算公司和湖北交易场所登记结算公司等新兴交易平台建设，支持各类所有制企业参与要素交易平台建设。(完),科技,2020年湖北碳市场交易额逾83亿元 占全国“半壁江山”
太原3月18日电 (高雨晴 原凯凯 范瑞芳)记者18日从晋能控股装备制造集团获悉，该集团与世界减速机行业一线品牌——德国弗兰德公司合作，建成进口减速机5S服务中心，填补山西此类型装备专业化维修的空白。减速机是一种机械传动装置，被广泛应用于煤矿、电力、钢铁、化工等行业。山西是国内能源大省，进口减速机常用于全省能源企业，但此类装备专业化维修在该省却一直是空白。目前，全球一线品牌的进口减速机厂商服务点多数设立在天津。从山西至天津，路途远、维修时间长等问题一直难以解决。在此背景下，晋能控股装备制造集团煤炭技术装备公司成立并投运进口减速机5S服务中心，开展国内外减速机的售后服务，成为山西唯一一家专业机构。“以前，从联系外国厂家工作人员到完成检修，至少要一周。如今，几个小时就搞定。省内有了进口装备的5S服务中心，可为我们解决了燃眉之急！”这个新突破，令长治市襄垣煤矿集团机电部门的管理人员啧啧赞叹。工作人员正在维修装备。晋能控股装备制造集团供图该服务中心技术总监韩功介绍，“中心不仅有专业设备，还具备高水平、快速维修的专业技能团队，预计年修理产能达200多台，产值达1000余万元。”对精度要求高，是进口减速机维修的“难点”。目前，上述中心拥有200T压力机、360度旋转工作台、热装齿轮加热炉等高端专业性设备，大大提升了减速机装配精度。同时，专门针对售前、售中、售后，推出应急处理、定期巡检、跟踪服务、备品备件统一调配等一条龙服务。下一步，该集团将按照“订单式、快递式、网络化”服务路径，逐步在山西、新疆等地区建立区域性综合服务中心，推动装备制造由生产制造向“制造+服务”转型。晋能控股集团资产总额1.1万亿元，煤炭产能近4亿吨，是国内第二、世界第三大煤炭企业。晋能控股装备制造集团是该集团二级子公司。(完),科技,从生产制造到“制造+服务” 中国第二大煤企建成进口减速机5S服务中心
重庆3月18日电 (韩璐 王雪宇)18日，重庆九龙坡区与广东国鸿氢能科技有限公司、鸿基创能科技(广州)有限公司等6家氢燃料电池企业签订协议，合作建设氢能科技产业园，打造中国西部(重庆)氢谷。根据项目协议，6家企业将在重庆九龙坡区投资40亿元(人民币，下同)，建设氢燃料电池8大关键核心零部件(质子交换膜、催化剂、膜电极、双极板、碳纸、电堆、空压机、氢气循环系统)以及燃料电池系统集成科技产业园。估计项目达产产值200亿元/年以上，税收贡献8.1亿元/年以上。项目建成后，将集聚优势头部企业形成生态链闭环，大力增强重庆市氢能产业发展核心配套能力。同时，广东国鸿氢能科技有限公司、九龙坡区及产业相关方将共同出资数十亿元组建全国性的总部运营公司，开展燃料电池车辆示范推广等合作。据了解，九龙坡区是重庆市确定的9个加快开展燃料电池示范应用的区之一。今年3月，九龙坡区启动重庆首个加氢站建设，并在重庆全市率先推进了氢燃料电池汽车的研发生产和应用，位于九龙坡区的庆铃汽车现已取得了国家氢燃料电池汽车生产资质。近年来，重庆提出要打造具有全国影响力的氢燃料电池汽车产业基地。2021年重庆市政府工作报告显示，2020年重庆汽车产业增加值增长10.1%。在产业转型升级上，重庆汽车产业正向高端化、智能化、绿色化升级。为了加快氢能产业发展，近年重庆先后研究出台了《重庆市支持新能源汽车推广应用政策措施》《重庆市氢燃料电池汽车产业发展指导意见》等政策措施，引进了博世、德燃动力、明天氢能等国内外氢能企业项目落户，逐步完善了集燃料电池产业核心零部件、系统集成制造、研发应用等在内的全产业链布局。据了解，下一步，重庆将与氢能上下游战略合作企业在制氢、储氢和燃料电池车商业化运营等发明进行合作，建设立足重庆，辐射四川、云南、贵州，服务中国的氢走廊枢纽和氢能产业链集群示范高地，打造独具特色的中国西部(重庆)氢谷。,科技,6家氢燃料电池企业集中落户 重庆将打造中国西部（重庆）氢谷
落月一步之遥，急不得2.1公里，这是“月船2号”失去联络前与月面的距离。相比地月之间38万公里的漫漫征程，这个距离实在是太近了，几乎就是“一步之遥”。也正因为如此，印度这次无人探测器的登月行动失败得尤为可惜。只差一步，印度就会成为首个在月球南极附近实现软着陆的国家，同时也会成为继美国、俄罗斯和中国之后第四个软着陆月面的国家。“月船2号”号采用“三件套”架构，包括一个环月轨道器、一个着陆器和一部月球车。按照设计，轨道器将充当着陆器与地球印度控制中心之间的通信中继。与之相比，中国成功软着陆月背的“嫦娥4号”采用更加利落的“两件套”架构，只包括着陆器和巡视器。作为着陆器与地球通信中继的“鹊桥”中继星，则通过早前的另一枚“长征”火箭发射升空;而后“嫦娥4号”才搭乘“长征”3号火箭奔向月球。印度“月船2号”的任务架构被设计成一次发射实现整体目标。升空后“月船2号”通过不断调整轨道，最终进入月球轨道。落月前，着陆器需要先与轨道器分离，开始下降，而轨道器则作为着陆器与地面测控中心实现通信的中继，这样的分离—下降无疑增加了任务的复杂性，需要进行大量的理论计算和前期试验。如果结合着陆器和月球车蕴含俄罗斯技术的大背景，这更增加了研制和实施的挑战性。“月船2号”着陆月球失败后，有消息称“月船2号”在下降最终阶段的轨迹出现了偏差，水平偏离预定着陆点1公里左右，这可能从侧面反映出这种任务架构带来的控制问题。作为一个发展中大国，印度的航天技术可以说是发展得“有声有色”。近十几年来，印度航天取得了不少成绩，其火箭技术和测控技术都有了非常大的进步。2014年印度火星探测器成功进入火星轨道，印度成为全球第四个成功进行火星探测的国家或组织。但是，与印度心目中的太空任务目标相比，其航天产业在火箭动力、自动控制、通信、材料技术等方面都还需要多方提升，才能满足任务需求。总体来看，印度的探月计划进行得多少有些急躁。如果按照“先绕再落”的技术进程，2008年印度用于绕月探测的“月船1号”任务完成得并不完满，探测器在尚未到使用寿命时突然与地面失联，这折射出某些技术可靠性不足。此后印度并未以完善绕月探测技术为目的继续实施类似计划，“月船2号”直接将挑战升级到“绕月+落月”，这显然增加了科研团队的工作负担以及任务风险。“月船2号”的任务并未完全失败，轨道器仍能继续进行一部分探测任务，直到耗尽1年的工作寿命。印度原计划在2024年发射“月船3号”，再次尝试月面软着陆。随着“月船2号”任务情况的逐步明朗，也许印度会做出相应调整。步子如能放稳些，印度航天成果可能会更多、更大。(作者是中国航空学会《航空知识》主编),军事,落月一步之遥急不得 印度探月计划有些急躁
伊朗原子能组织发言人卡迈勒万迪7日确认，伊朗已经具备生产丰度超过20%浓缩铀的能力，只是暂时不打算这样做。但卡迈勒万迪强调说，伊朗已经启动40台更为先进的离心机，这些机器将被用于增加伊朗的浓缩铀储备以及一些科研活动。埃及《消息报》称，这是伊朗削弱伊核协议义务第三阶段的表现之一，旨在向国际社会、主要是欧洲方面施加压力，以解除美国对伊朗的“极限施压”。据中东媒体报道，国际原子能机构代理总干事费卢塔8日抵达伊朗首都德黑兰，分别与伊朗外交部长扎里夫、伊朗原子能组织主席萨利希和国家最高安全委员会秘书等举行会谈。国际原子能机构称，这次访问是与德黑兰“持续互动”的一部分，包括“根据《联合全面行动计划》对伊朗进行核查和监测”。萨利希在会谈中强硬表态称，伊朗自今年5月以来三次减少履行伊核协议义务只是“在合适的时间做了合适的事情”。伊朗政府发言人拉比7日在一份备忘录中说，德黑兰的政策是取消美国的制裁战略，并在2021年5月之前终止所有反伊朗禁令。伊朗总统鲁哈尼领导的政府将为此尽一切努力，届时伊朗将把政府移交给下届总统。另据伊朗法尔斯通讯社7日报道，伊朗海岸警备队当天在霍尔木兹海峡的伊朗领海扣押了一艘载有28.39万升柴油的走私船，船上12名菲律宾公民被扣押。,军事,伊朗增加浓缩铀储备施压欧洲 启动40台先进离心机
“俄罗斯与乌克兰完成了历史性的大规模换囚工作。”7日，根据俄罗斯总统普京和乌克兰总统泽连斯基达成的协议，双方各自释放35名被关押的对方公民。俄乌总统互通电话对此给予较高评价，泽连斯基称这是结束顿巴斯地区冲突的第一步，国际媒体普遍认为，俄乌两国关系开始回暖。据俄罗斯《观点报》7日报道，此次乌方释放了关押的俄新社乌克兰分社社长维申斯基、亲俄武装司令谢马赫等35名俄罗斯囚犯。作为交换，俄罗斯则释放了去年11月25日刻赤海峡冲突中被扣押的24名乌克兰海军士兵以及11名被指控在克里米亚等地从事危害俄国家安全的乌克兰人。俄罗斯外交部在其网站发表评论称，这是一个积极的信号，其后应采取其他重要步骤，使两国关系正常化。“今日俄罗斯”电视台主编西蒙尼扬称，泽连斯基执政给予俄乌关系正常化一丝希望。“我们未必能够恢复友谊，但起码能够停战。波罗申科执政期间完全没有这种希望。这是5年来俄乌关系第一次有正面和喜人的事件”。换囚工作完成后，普京与泽连斯基7日通过电话进行了交谈。克里姆林宫新闻局称，“双方讨论了乌克兰内部局势调解问题，并强调遵守停火制度以及逐步从军事接触线撤出部队和武器的重要性”。乌克兰总统办公室表示，俄乌双方对为实现对话正常化而履行第一阶段框架内达成的协议感到满意，两国总统商定将于近期就举行诺曼底四方会谈展开磋商。泽连斯基透露，将在第二阶段争取释放所有双方被扣押的人员，双方还就顿巴斯冲突各方从军事接触线后撤部队达成协议，而在最终阶段，乌克兰将恢复对顿涅茨克和卢甘斯克两州边境的控制。乌克兰新外长普里斯塔伊科7日表示，乌方将与俄方继续就释放被拘留者进行协商。俄罗斯塔斯社报道称，基辅政治研究与冲突学中心主任米哈伊尔波格列宾斯基表示，俄乌相互释放被扣押的公民，意味着两国之间的关系正温和转暖，两国间的直接对话也卓有成效，但不要抱有关系迅速实现正常化的幻想。,军事,俄乌大规模换囚两国总统通电话 俄媒:是积极信号
在印度月球探测器“月船二号”释放的着陆器7日尝试在月球南极区域着陆前，印度媒体集体发出欢呼：“我们将紧随美国、俄罗斯和中国之后，成为第四太空强国！”然而就在着陆器距离月面仅2.1公里时，突然与地球失去联系。印度空间研究组织8日宣布，在月球轨道上运行的“月船二号”轨道器已经发现着陆器的位置，但未能确认它的状态，印度科学家们正试图与它重新建立联系。《印度时报》7日称，“月船2号”是印度第二个月球探测器，于7月22日发射升空，它由轨道器、着陆器和月球车3部分组成。9月2日，着陆器与“月船2号”的轨道器分离，开始尝试在月球南极地区着陆。印度当地时间7日1时38分，着陆器从距月面约35公里高度进入动力下降段，开始计划中的15分钟着陆。印度总理莫迪亲临印度空间研究组织位于班加罗尔的总部，见证这个历史时刻。着陆器顺利进入降落阶段时，控制中心爆出热烈掌声。下降飞行开始时数据显示一切正常，但在距离月面2.1公里时，着陆器突然与地面失去联系。当时，着陆器距离预定着陆点有约1公里的水平偏差。尽管印度空间研究组织一直没有宣布登月失败的消息，但根据当时着陆器的速度，外界猜测它很可能已经当场坠毁。“月船2号”着陆器失联前的直播画面面对全场沮丧的印度科学家，莫迪将原先的庆祝仪式化为一场替科学家重新加油鼓气的演讲。他安慰说：“生活中有起起伏伏，这是一个不小的成就。国家为你们骄傲。”对于这次挫折，他还表示，“在太空计划上我们充满信心，最好的还在后头。”从某种意义上说，莫迪的安慰的确言之有理。美国“太空”网站8日称，虽然外界对“月船2号”能否在月球上软着陆更为重视，但其实仍在月球轨道上运转的轨道器才承担着这次月球任务的主要科学任务。印度空间研究组织负责人西旺在证实着陆器失联的同时，也强调“轨道器很健康，完好无损，在月球轨道正常运行”。全球航天界也对印度月球着陆器软着陆失败给予安慰。美国航空航天局在社交媒体上表示：“太空（探索）是很困难的。我们赞赏印度空间研究组织用‘月船2号’登陆月球南极的尝试，你们的旅程激励着我们，期待着未来有机会一起探索我们的太阳系。”对于事故原因，外界也各有猜测。印度空间研究组织负责人西旺8日接受“今日印度电视台”采访时透露，目前“月船二号”轨道器已通过热成像发现着陆器的位置，科学家正试图与它重新恢复联系。俄《观点报》称，俄航天集团公司此前曾告诉印方，应对“月船2号”项目相关的技术进行全面的重新审查。报道称，当时俄专家认为，最容易出现问题的是在落月过程中，此时设备不能出现任何差错。俄方还建议印度增加月球着陆器的重量，以避免风险。但印度最终决定不需要俄罗斯的帮助，自主发射着陆器和月球车。火箭整流罩中的“月船2号”据介绍，在整个落月过程中，着陆器的反冲火箭设计极为关键。因为月球基本没有空气，而且月球表面坑洼不平，只能依靠反冲火箭的精确控制，让着陆器慢慢落到月面。中国“嫦娥”月球探测器数次干净利索地顺利落月，看似平常，背后却是实力的支撑。根据印度媒体此前披露的信息，“月船2号”着陆器使用多台发动机配合工作的方式进行减速和着陆。首先使用4台推力为800牛的液体火箭发动机同时工作以“粗减速”，到一定速度和高度后改变发动机推力进行“精减速”，然后关闭其中两台发动机，使用两台发动机进行精密垂直着陆，最后启动位于登陆器中央的一台发动机进行缓冲。这个过程中姿态控制非常关键，特别是由4台发动机转为使用两台对角线发动机进行控制时，容易导致姿态控制不稳而“翻船”失控。《印度时报》称，根据美国航空航天局的数据，60年来只有60%的探月计划能取得成功。“总计109次月球任务中，61次成功，48次失败”。目前轨道器仍将按计划绕月球运转一年，依靠搭载的多台科研设备对月球表面进行细致的探测，因此整个“月船2号”计划仍难言失败。美国《华盛顿邮报》表示，此次登月任务是印度“巨大的民族自豪感”的来源之一。尽管遭遇挫折，但社交媒体上还是爆发了对印度航天部门及科学家的支持。《纽约时报》称，“虽然印度没有在第一次尝试中成功软着陆，但它的尝试突显出其工程实力和数十年的太空发展，与它的全球雄心是结合在一起的。”这次失败之后，印度打算在未来的落月计划中寻求国际合作。《印度时报》称，印度计划于2023年与日本合作登月。其中日本提供运载火箭和月球车，印度则提供着陆器。▲,军事,印度登月为何功亏一篑？反冲火箭设计极为关键
美国《星条旗报》7日披露，美国太空司令部刚成立，立即马不停蹄地组织起大规模兵棋推演，演练未来可能在太空中爆发的战争模式。报道称，从4日开始在亚拉巴马州马克斯韦尔空军基地举行的“施里弗-2019”，是美国太空司令部成立以来组织的首次太空战计算机模拟演习。本次太空战兵棋推演旨在模拟关键性太空作战，与太空系统和服务相关的多个机构均有涉及。来自美军27个单位的近350名人员参与此次“施里弗”兵棋推演，澳大利亚、加拿大、新西兰和英国方面也派人参加。本次兵棋推演把美军几大军种指挥部、美国和盟国情报机构联合在一起，重点研究2029年“某个假想敌国家”发起的“多域战”。这是一种全新的作战概念，集成传统的陆战、海战、空战和太空战、网络攻击等多领域作战行动。尽管美军未证实该假想敌是中国或俄罗斯，但美军太空司令部曾公开强调，某假想敌国家正在“利用多域作战来实现其战略目标”。与调动大量装备和人员的常规军演不同，“施里弗”兵棋推演的参演兵力较少，但它却预测了未来大规模战争的场景。在演习想定中，不同领域的作战环境都面临威胁，对美军指挥官和参谋、情报部门负责人、太空系统操作员的能力提出全面挑战。此外，“施里弗”兵推也被用于研究美国面临太空战威胁时的需求，比如帮助美军论证太空作战对外太空和地面提出的新型装备需求。▲ （邢濒鹤）,军事,太空司令部刚成立 美国就马不停蹄演练太空战
